Year,Branch,Enrolled,Placed,AvgSalary
2015,Computer Science,651,548,6.19
2015,Mechanical,505,423,4.13
2015,Civil,399,354,3.66
2015,Electrical,451,372,4.36
2015,AI/ML,74,55,6.98
2015,Data Science,69,55,7.09
2015,Electronics,287,223,5.24
2015,Biotech,105,89,3.57
2016,Computer Science,676,578,5.65
2016,Mechanical,458,375,4.11
2016,Civil,326,307,3.8
2016,Electrical,411,366,4.13
2016,AI/ML,102,76,7.1
2016,Data Science,113,100,7.05
2016,Electronics,309,257,4.36
2016,Biotech,106,87,4.32
2017,Computer Science,741,564,6.1
2017,Mechanical,420,342,4.38
2017,Civil,332,297,3.55
2017,Electrical,417,361,4.79
2017,AI/ML,127,106,7.17
2017,Data Science,123,109,7.41
2017,Electronics,316,284,4.91
2017,Biotech,120,104,4.46
2018,Computer Science,785,728,5.21
2018,Mechanical,423,361,4.11
2018,Civil,288,216,3.73
2018,Electrical,422,389,4.34
2018,AI/ML,175,144,7.77
2018,Data Science,205,168,7.15
2018,Electronics,326,292,4.59
2018,Biotech,139,115,3.56
2019,Computer Science,847,731,6.0
2019,Mechanical,382,297,4.07
2019,Civil,256,207,3.75
2019,Electrical,414,390,4.55
2019,AI/ML,274,231,6.92
2019,Data Science,268,228,7.74
2019,Electronics,327,282,4.79
2019,Biotech,137,124,4.23
2020,Computer Science,916,736,6.42
2020,Mechanical,339,298,4.86
2020,Civil,222,182,3.83
2020,Electrical,388,299,4.52
2020,AI/ML,355,310,7.22
2020,Data Science,394,319,6.9
2020,Electronics,354,279,4.87
2020,Biotech,203,156,4.06
2021,Computer Science,968,860,5.63
2021,Mechanical,322,282,4.29
2021,Civil,228,197,3.6
2021,Electrical,395,341,4.29
2021,AI/ML,564,492,7.14
2021,Data Science,503,403,7.24
2021,Electronics,367,296,5.09
2021,Biotech,203,180,4.57
2022,Computer Science,1026,833,5.73
2022,Mechanical,315,266,4.3
2022,Civil,210,187,3.8
2022,Electrical,411,343,5.32
2022,AI/ML,750,605,7.18
2022,Data Science,671,562,7.21
2022,Electronics,360,304,4.55
2022,Biotech,184,152,4.26
2023,Computer Science,1107,871,6.05
2023,Mechanical,322,259,4.25
2023,Civil,190,150,3.91
2023,Electrical,386,349,4.82
2023,AI/ML,1005,807,7.65
2023,Data Science,903,790,8.16
2023,Electronics,369,334,5.09
2023,Biotech,248,206,4.23
